{
  "ignoredRecipeTypes": [],
  "ignoredRecipes": [],
  "defaultDuplicateRules": {
    "ignoredFields": [
      "fabric:conditions",
      "cookingTime",
      "group"
    ],
    "rules": {
      "cookingtime": "HigherRule",
      "energy": "HigherRule",
      "experience": "HigherRule"
    }
  },
  "overrideDuplicateRules": {
    "minecraft:crafting_shaped": {
      "ignoredFields": [
        "fabric:conditions",
        "pattern",
        "key",
        "group"
      ],
      "rules": {}
    }
  },
  "strictMode": false
}