{
  "modPriorities": [
    "minecraft",
    "modern_industrialization",
    "create",
    "ae2",
    "techreborn",
    "ad_astra",
    "indrev",
    "bewitchment",
    "hexcasting",
    "farmersdelight",
    "croptopia",
    "byg",
    "tinycoal",
    "catwalksinc"
  ],
  "stoneStrata": [
    "stone",
    "nether",
    "deepslate",
    "granite",
    "diorite",
    "andesite"
  ],
  "tags": [
    "c:{material}_nuggets",
    "c:{material}_dusts",
    "c:{material}_gears",
    "c:{material}_gems",
    "c:{material}_ingots",
    "c:{material}_raw_materials",
    "c:{material}_ores",
    "c:{material}_plates",
    "c:{material}_rods",
    "c:{material}_wires",
    "c:{material}_blocks",
    "c:{material}_storage_blocks",
    "c:raw_{material}_storage_blocks",
    "c:raw_{material}_blocks",
    "c:raw_{material}_ores",
    "c:crops/{material}",
    "c:seeds/{material}"
  ],
  "materials": [
    "aluminum",
    "bauxite",
    "bronze",
    "chrome",
    "chromium",
    "coal",
    "copper",
    "diamond",
    "electrum",
    "emerald",
    "gold",
    "invar",
    "iridium",
    "iron",
    "lapis",
    "lead",
    "manganese",
    "nickel",
    "platinum",
    "ruby",
    "silicon",
    "silver",
    "steel",
    "sulfur",
    "tin",
    "titanium",
    "tungsten",
    "salt",
    "carbon",
    "brass",
    "zinc",
    "amethyst",
    "zinc",
    "uranium",
    "tomato",
    "cabbage",
    "rice",
    "onion",
    "bacon",
    "cooked_bacon",
    "garlic",
    "quartz",
    "ender_pearl"
  ],
  "priorityOverrides": {},
  "ignoredTags": [],
  "ignoredItems": [
    "minecraft:quartz_ore",
    "minecraft:gold_ore",
    "minecraft:nether_gold_ore",
    "minecraft:nether_quartz_ore",
    "minecraft:deepslate_coal_ore",
    "minecraft:deepslate_copper_ore",
    "minecraft:deepslate_iron_ore",
    "minecraft:deepslate_gold_ore",
    "minecraft:deepslate_diamond_ore",
    "minecraft:deepslate_emerald_ore",
    "minecraft:deepslate_lapis_ore",
    "modern_industrialization:deepslate_nickel_ore",
    "modern_industrialization:deepslate_bauxite_ore",
    "modern_industrialization:deepslate_iridium_ore",
    "modern_industrialization:deepslate_lead_ore",
    "modern_industrialization:deepslate_salt_ore",
    "modern_industrialization:deepslate_tin_ore",
    "modern_industrialization:deepslate_tungsten_ore",
    "modern_industrialization:deepslate_uranium_ore",
    "techreborn:deepslate_silver_ore",
    "techreborn:deepslate_ruby_ore",
    "byg:blue_nether_gold_ore",
    "byg:brimstone_nether_gold_ore",
    "deeperdarker:sculk_stone_copper_ore",
    "deeperdarker:sculk_stone_gold_ore",
    "deeperdarker:sculk_stone_lapis_ore",
    "deeperdarker:sculk_stone_coal_ore",
    "deeperdarker:sculk_stone_emerald_ore",
    "ad_astra:mercury_iron_ore",
    "ad_astra:moon_iron_ore",
    "ad_astra:mars_iron_ore",
    "ad_astra:glacio_iron_ore",
    "ad_astra:glacio_copper_ore",
    "ad_astra:mars_diamond_ore",
    "ad_astra:venus_diamond_ore",
    "ad_astra:glacio_lapis_ore",
    "ad_astra:glacio_coal_ore",
    "ad_astra:venus_coal_ore"

  ],
  "ignoredRecipeTypes": [],
  "ignoredRecipes": [],
  "itemsHidingJeiRei": true
}